{"cameraMode":{"drawMode":0,"name":"Shaded","section":"Shading Mode"},"sceneLighting":false,"audioPlay":false,"sceneViewState":{"showFog":true,"showMaterialUpdate":false,"showSkybox":true,"showFlares":true,"showImageEffects":true,"showParticleSystems":true},"in2DMode":false,"pivot":{"x":-6.934999465942383,"y":0.0,"z":-0.04399871826171875},"rotation":{"x":0.16223567724227906,"y":0.6615538597106934,"z":-0.14863961935043336,"w":0.7171164155006409},"size":74.89434814453125,"orthographic":false}